Submission ID	Submission Authors	Submission Title	Review ID	PC Member	Scores	Remarks
1	Author 1 (Institute A) and Author 2 (Institute A).	 Abstract 1	Review 1	Reviewer 1	"Overall evaluation: 3 (strong accept)

Reviewer's confidence: 5 (expert)

I used AI to polish my reviews: 1 (Yes, I used AI/LLMs to polish the text of my reviews)

Relevant: 3 (yes)

Available: 3 (yes)

Open: 3 (yes)

Fresh: 4 (project is new to BOSC (I checked))

AI use transparency: -1 (No, they seem to have used AI in ways that are not explained in their AI use disclosure (explain))

Community: 2 (sort of (explain))

Active: 1 (Content all created during a short period of time (<15 days) by a single contributor and/or has not been touched in the past year)

Novelty: 3 (yes)

Example: 3 (yes)

Usable: 3 (yes)

Suitable for a long talk: 3 (definitely merits a lightning talk, possibly a long talk)"	"Overall evaluation: Overall evaluation for this abstract from the reviewer

Confidential remarks for the program committee  (none)

Relevant: Whether this abstract is relevant for BOSC

Available: Whether the work mentioned in the abstract is available and accessible

Open: Whether the work mentioned in abstract uses an open source license

Fresh: Whether the work is new or an update from a previous year

AI use transparency: The authors have not disclosed the use of AI.

Community: Does the authors make a sincere effort to build a community around their work

Active: Whether or not the repository/codebase is active

Novelty: Whether the work is novel

Example: Whether there are examples provided in the abstract

Usable: Whether the code is runnable

Suitable for a long talk: Whether this abstract is appropriate for a long talk"
1	Author 1 (Institute A) and Author 2 (Institute A).	 Abstract 1	Review 2	Reviewer 2	"Overall evaluation: 3 (strong accept)

Reviewer's confidence: 5 (expert)

I used AI to polish my reviews: 1 (Yes, I used AI/LLMs to polish the text of my reviews)

Relevant: 3 (yes)

Available: 3 (yes)

Open: 3 (yes)

Fresh: 4 (project is new to BOSC (I checked))

AI use transparency: -1 (No, they seem to have used AI in ways that are not explained in their AI use disclosure (explain))

Community: 2 (sort of (explain))

Active: 1 (Content all created during a short period of time (<15 days) by a single contributor and/or has not been touched in the past year)

Novelty: 3 (yes)

Example: 3 (yes)

Usable: 3 (yes)

Suitable for a long talk: 3 (definitely merits a lightning talk, possibly a long talk)"	"Overall evaluation: Overall evaluation for this abstract from the reviewer

Confidential remarks for the program committee  (none)

Relevant: Whether this abstract is relevant for BOSC

Available: Whether the work mentioned in the abstract is available and accessible

Open: Whether the work mentioned in abstract uses an open source license

Fresh: Whether the work is new or an update from a previous year

AI use transparency: The authors have not disclosed the use of AI.

Community: Does the authors make a sincere effort to build a community around their work

Active: Whether or not the repository/codebase is active

Novelty: Whether the work is novel

Example: Whether there are examples provided in the abstract

Usable: Whether the code is runnable

Suitable for a long talk: Whether this abstract is appropriate for a long talk"
1	Author 1 (Institute A) and Author 2 (Institute A).	 Abstract 1	Review 3	Reviewer 3	"Overall evaluation: 3 (strong accept)

Reviewer's confidence: 5 (expert)

I used AI to polish my reviews: 1 (Yes, I used AI/LLMs to polish the text of my reviews)

Relevant: 3 (yes)

Available: 3 (yes)

Open: 3 (yes)

Fresh: 4 (project is new to BOSC (I checked))

AI use transparency: -1 (No, they seem to have used AI in ways that are not explained in their AI use disclosure (explain))

Community: 2 (sort of (explain))

Active: 1 (Content all created during a short period of time (<15 days) by a single contributor and/or has not been touched in the past year)

Novelty: 3 (yes)

Example: 3 (yes)

Usable: 3 (yes)

Suitable for a long talk: 3 (definitely merits a lightning talk, possibly a long talk)"	"Overall evaluation: Overall evaluation for this abstract from the reviewer

Confidential remarks for the program committee  (none)

Relevant: Whether this abstract is relevant for BOSC

Available: Whether the work mentioned in the abstract is available and accessible

Open: Whether the work mentioned in abstract uses an open source license

Fresh: Whether the work is new or an update from a previous year

AI use transparency: The authors have not disclosed the use of AI.

Community: Does the authors make a sincere effort to build a community around their work

Active: Whether or not the repository/codebase is active

Novelty: Whether the work is novel

Example: Whether there are examples provided in the abstract

Usable: Whether the code is runnable

Suitable for a long talk: Whether this abstract is appropriate for a long talk "
2	Author 1 (Institute X) and Author 2 (Institute Y).	 Abstract 2	Review 1	Reviewer 1	"Overall evaluation: 3 (strong accept)

Reviewer's confidence: 5 (expert)

I used AI to polish my reviews: 1 (Yes, I used AI/LLMs to polish the text of my reviews)

Relevant: 3 (yes)

Available: 3 (yes)

Open: 3 (yes)

Fresh: 4 (project is new to BOSC (I checked))

AI use transparency: -1 (No, they seem to have used AI in ways that are not explained in their AI use disclosure (explain))

Community: 2 (sort of (explain))

Active: 1 (Content all created during a short period of time (<15 days) by a single contributor and/or has not been touched in the past year)

Novelty: 3 (yes)

Example: 3 (yes)

Usable: 3 (yes)

Suitable for a long talk: 3 (definitely merits a lightning talk, possibly a long talk)"	"Overall evaluation: Overall evaluation for this abstract from the reviewer

Confidential remarks for the program committee  (none)

Relevant: Whether this abstract is relevant for BOSC

Available: Whether the work mentioned in the abstract is available and accessible

Open: Whether the work mentioned in abstract uses an open source license

Fresh: Whether the work is new or an update from a previous year

AI use transparency: The authors have not disclosed the use of AI.

Community: Does the authors make a sincere effort to build a community around their work

Active: Whether or not the repository/codebase is active

Novelty: Whether the work is novel

Example: Whether there are examples provided in the abstract

Usable: Whether the code is runnable

Suitable for a long talk: Whether this abstract is appropriate for a long talk"
2	Author 1 (Institute X) and Author 2 (Institute Y).	 Abstract 2	Review 2	Reviewer 2	"Overall evaluation: 3 (strong accept)

Reviewer's confidence: 5 (expert)

I used AI to polish my reviews: 1 (Yes, I used AI/LLMs to polish the text of my reviews)

Relevant: 3 (yes)

Available: 3 (yes)

Open: 3 (yes)

Fresh: 4 (project is new to BOSC (I checked))

AI use transparency: -1 (No, they seem to have used AI in ways that are not explained in their AI use disclosure (explain))

Community: 2 (sort of (explain))

Active: 1 (Content all created during a short period of time (<15 days) by a single contributor and/or has not been touched in the past year)

Novelty: 3 (yes)

Example: 3 (yes)

Usable: 3 (yes)

Suitable for a long talk: 3 (definitely merits a lightning talk, possibly a long talk)"	"Overall evaluation: Overall evaluation for this abstract from the reviewer

Confidential remarks for the program committee  (none)

Relevant: Whether this abstract is relevant for BOSC

Available: Whether the work mentioned in the abstract is available and accessible

Open: Whether the work mentioned in abstract uses an open source license

Fresh: Whether the work is new or an update from a previous year

AI use transparency: The authors have not disclosed the use of AI.

Community: Does the authors make a sincere effort to build a community around their work

Active: Whether or not the repository/codebase is active

Novelty: Whether the work is novel

Example: Whether there are examples provided in the abstract

Usable: Whether the code is runnable

Suitable for a long talk: Whether this abstract is appropriate for a long talk"
